Symbol,Company Name,Industry
360ONE,360 ONE WAM Ltd.,Financial Services
3MINDIA,3M India Ltd.,Diversified
AADHARHFC,Aadhar Housing Finance Ltd.,Financial Services
AARTIIND,Aarti Industries Ltd.,Chemicals
AAVAS,Aavas Financiers Ltd.,Financial Services
ABB,ABB India Ltd.,Capital Goods
ABBOTINDIA,Abbott India Ltd.,Healthcare
ABCAPITAL,Aditya Birla Capital Ltd.,Financial Services
ABDL,Allied Blenders and Distillers Ltd.,Fast Moving Consumer Goods
ABFRL,Aditya Birla Fashion and Retail Ltd.,Consumer Services
ABLBL,Aditya Birla Lifestyle Brands Ltd.,Consumer Services
ABREL,Aditya Birla Real Estate Ltd.,Realty
ABSLAMC,Aditya Birla Sun Life AMC Ltd.,Financial Services
ACC,ACC Ltd.,Construction Materials
ACE,Action Construction Equipment Ltd.,Capital Goods
ACMESOLAR,ACME Solar Holdings Ltd.,Power
ACUTAAS,Acutaas Chemicals Ltd.,Healthcare
ADANIENSOL,Adani Energy Solutions Ltd.,Power
ADANIENT,Adani Enterprises Ltd.,Metals & Mining
ADANIGREEN,Adani Green Energy Ltd.,Power
ADANIPORTS,Adani Ports and Special Economic Zone Ltd.,Services
ADANIPOWER,Adani Power Ltd.,Power
AEGISLOG,Aegis Logistics Ltd.,Oil Gas & Consumable Fuels
AEGISVOPAK,Aegis Vopak Terminals Ltd.,Oil Gas & Consumable Fuels
AFCONS,Afcons Infrastructure Ltd.,Construction
AFFLE,Affle 3i Ltd.,Information Technology
AIAENG,AIA Engineering Ltd.,Capital Goods
AIIL,Authum Investment & Infrastructure Ltd.,Financial Services
AJANTPHARM,Ajanta Pharmaceuticals Ltd.,Healthcare
ALKEM,Alkem Laboratories Ltd.,Healthcare
AMBER,Amber Enterprises India Ltd.,Consumer Durables
AMBUJACEM,Ambuja Cements Ltd.,Construction Materials
ANANDRATHI,Anand Rathi Wealth Ltd.,Financial Services
ANANTRAJ,Anant Raj Ltd.,Realty
ANGELONE,Angel One Ltd.,Financial Services
ANTHEM,Anthem Biosciences Ltd.,Healthcare
ANURAS,Anupam Rasayan India Ltd.,Chemicals
APARINDS,Apar Industries Ltd.,Capital Goods
APLAPOLLO,APL Apollo Tubes Ltd.,Capital Goods
APOLLOHOSP,Apollo Hospitals Enterprise Ltd.,Healthcare
APOLLOTYRE,Apollo Tyres Ltd.,Automobile and Auto Components
APTUS,Aptus Value Housing Finance India Ltd.,Financial Services
ARE&M,Amara Raja Energy & Mobility Ltd.,Automobile and Auto Components
ASAHIINDIA,Asahi India Glass Ltd.,Automobile and Auto Components
ASHOKLEY,Ashok Leyland Ltd.,Capital Goods
ASIANPAINT,Asian Paints Ltd.,Consumer Durables
ASTERDM,Aster DM Healthcare Ltd.,Healthcare
ASTRAL,Astral Ltd.,Capital Goods
ATGL,Adani Total Gas Ltd.,Oil Gas & Consumable Fuels
ATHERENERG,Ather Energy Ltd.,Automobile and Auto Components
ATUL,Atul Ltd.,Chemicals
AUBANK,AU Small Finance Bank Ltd.,Financial Services
AUROPHARMA,Aurobindo Pharma Ltd.,Healthcare
AWL,AWL Agri Business Ltd.,Fast Moving Consumer Goods
AXISBANK,Axis Bank Ltd.,Financial Services
BAJAJ-AUTO,Bajaj Auto Ltd.,Automobile and Auto Components
BAJAJFINSV,Bajaj Finserv Ltd.,Financial Services
BAJAJHFL,Bajaj Housing Finance Ltd.,Financial Services
BAJAJHLDNG,Bajaj Holdings & Investment Ltd.,Financial Services
BAJFINANCE,Bajaj Finance Ltd.,Financial Services
BALKRISIND,Balkrishna Industries Ltd.,Automobile and Auto Components
BALRAMCHIN,Balrampur Chini Mills Ltd.,Fast Moving Consumer Goods
BANDHANBNK,Bandhan Bank Ltd.,Financial Services
BANKBARODA,Bank of Baroda,Financial Services
BANKINDIA,Bank of India,Financial Services
BATAINDIA,Bata India Ltd.,Consumer Durables
BAYERCROP,Bayer Cropscience Ltd.,Chemicals
BBTC,Bombay Burmah Trading Corporation Ltd.,Fast Moving Consumer Goods
BDL,Bharat Dynamics Ltd.,Capital Goods
BEL,Bharat Electronics Ltd.,Capital Goods
BELRISE,Belrise Industries Ltd.,Automobile and Auto Components
BEML,BEML Ltd.,Capital Goods
BERGEPAINT,Berger Paints India Ltd.,Consumer Durables
BHARATFORG,Bharat Forge Ltd.,Automobile and Auto Components
BHARTIARTL,Bharti Airtel Ltd.,Telecommunication
BHARTIHEXA,Bharti Hexacom Ltd.,Telecommunication
BHEL,Bharat Heavy Electricals Ltd.,Capital Goods
BIKAJI,Bikaji Foods International Ltd.,Fast Moving Consumer Goods
BIOCON,Biocon Ltd.,Healthcare
BLS,BLS International Services Ltd.,Consumer Services
BLUEDART,Blue Dart Express Ltd.,Services
BLUEJET,Blue Jet Healthcare Ltd.,Healthcare
BLUESTARCO,Blue Star Ltd.,Consumer Durables
BOSCHLTD,Bosch Ltd.,Automobile and Auto Components
BPCL,Bharat Petroleum Corporation Ltd.,Oil Gas & Consumable Fuels
BRIGADE,Brigade Enterprises Ltd.,Realty
BRITANNIA,Britannia Industries Ltd.,Fast Moving Consumer Goods
BSE,BSE Ltd.,Financial Services
BSOFT,Birlasoft Ltd.,Information Technology
CAMS,Computer Age Management Services Ltd.,Financial Services
CANBK,Canara Bank,Financial Services
CANFINHOME,Can Fin Homes Ltd.,Financial Services
CANHLIFE,Canara HSBC Life Insurance Company Ltd.,Financial Services
CAPLIPOINT,Caplin Point Laboratories Ltd.,Healthcare
CARBORUNIV,Carborundum Universal Ltd.,Capital Goods
CARTRADE,Cartrade Tech Ltd.,Consumer Services
CASTROLIND,Castrol India Ltd.,Oil Gas & Consumable Fuels
CCL,CCL Products (I) Ltd.,Fast Moving Consumer Goods
CDSL,Central Depository Services (India) Ltd.,Financial Services
CEATLTD,Ceat Ltd.,Automobile and Auto Components
CEMPRO,Cemindia Projects Ltd.,Construction
CENTRALBK,Central Bank of India,Financial Services
CESC,CESC Ltd.,Power
CGCL,Capri Global Capital Ltd.,Financial Services
CGPOWER,CG Power and Industrial Solutions Ltd.,Capital Goods
CHALET,Chalet Hotels Ltd.,Consumer Services
CHAMBLFERT,Chambal Fertilizers & Chemicals Ltd.,Chemicals
CHENNPETRO,Chennai Petroleum Corporation Ltd.,Oil Gas & Consumable Fuels
CHOICEIN,Choice International Ltd.,Financial Services
CHOLAFIN,Cholamandalam Investment and Finance Company Ltd.,Financial Services
CHOLAHLDNG,Cholamandalam Financial Holdings Ltd.,Financial Services
CIEINDIA,CIE Automotive India Ltd.,Automobile and Auto Components
CIPLA,Cipla Ltd.,Healthcare
CLEAN,Clean Science and Technology Ltd.,Chemicals
COALINDIA,Coal India Ltd.,Oil Gas & Consumable Fuels
COCHINSHIP,Cochin Shipyard Ltd.,Capital Goods
COFORGE,Coforge Ltd.,Information Technology
COHANCE,Cohance Lifesciences Ltd.,Healthcare
COLPAL,Colgate Palmolive (India) Ltd.,Fast Moving Consumer Goods
CONCOR,Container Corporation of India Ltd.,Services
CONCORDBIO,Concord Biotech Ltd.,Healthcare
COROMANDEL,Coromandel International Ltd.,Chemicals
CPPLUS,Aditya Infotech Ltd.,Capital Goods
CRAFTSMAN,Craftsman Automation Ltd.,Automobile and Auto Components
CREDITACC,CreditAccess Grameen Ltd.,Financial Services
CRISIL,CRISIL Ltd.,Financial Services
CROMPTON,Crompton Greaves Consumer Electricals Ltd.,Consumer Durables
CUB,City Union Bank Ltd.,Financial Services
CUMMINSIND,Cummins India Ltd.,Capital Goods
CYIENT,Cyient Ltd.,Information Technology
DABUR,Dabur India Ltd.,Fast Moving Consumer Goods
DALBHARAT,Dalmia Bharat Ltd.,Construction Materials
DATAPATTNS,Data Patterns (India) Ltd.,Capital Goods
DCMSHRIRAM,DCM Shriram Ltd.,Diversified
DEEPAKFERT,Deepak Fertilisers & Petrochemicals Corp. Ltd.,Chemicals
DEEPAKNTR,Deepak Nitrite Ltd.,Chemicals
DELHIVERY,Delhivery Ltd.,Services
DEVYANI,Devyani International Ltd.,Consumer Services
DIVISLAB,Divi's Laboratories Ltd.,Healthcare
DIXON,Dixon Technologies (India) Ltd.,Consumer Durables
DLF,DLF Ltd.,Realty
DMART,Avenue Supermarts Ltd.,Consumer Services
DOMS,DOMS Industries Ltd.,Fast Moving Consumer Goods
DRREDDY,Dr. Reddy's Laboratories Ltd.,Healthcare
DUMMYVEDL1,Dummy Vedanta Ltd. 1,Metals & Mining
DUMMYVEDL2,Dummy Vedanta Ltd. 2,Power
DUMMYVEDL3,Dummy Vedanta Ltd. 3,Oil Gas & Consumable Fuels
DUMMYVEDL4,Dummy Vedanta Ltd. 4,Metals & Mining
ECLERX,eClerx Services Ltd.,Services
EICHERMOT,Eicher Motors Ltd.,Automobile and Auto Components
EIDPARRY,E.I.D. Parry (India) Ltd.,Fast Moving Consumer Goods
EIHOTEL,EIH Ltd.,Consumer Services
ELECON,Elecon Engineering Co. Ltd.,Capital Goods
ELGIEQUIP,Elgi Equipments Ltd.,Capital Goods
EMAMILTD,Emami Ltd.,Fast Moving Consumer Goods
EMCURE,Emcure Pharmaceuticals Ltd.,Healthcare
EMMVEE,Emmvee Photovoltaic Power Ltd.,Capital Goods
ENDURANCE,Endurance Technologies Ltd.,Automobile and Auto Components
ENGINERSIN,Engineers India Ltd.,Construction
ENRIN,Siemens Energy India Ltd.,Capital Goods
ERIS,Eris Lifesciences Ltd.,Healthcare
ESCORTS,Escorts Kubota Ltd.,Capital Goods
ETERNAL,Eternal Ltd.,Consumer Services
EXIDEIND,Exide Industries Ltd.,Automobile and Auto Components
FACT,Fertilisers and Chemicals Travancore Ltd.,Chemicals
FEDERALBNK,Federal Bank Ltd.,Financial Services
FINCABLES,Finolex Cables Ltd.,Capital Goods
FIRSTCRY,Brainbees Solutions Ltd.,Consumer Services
FIVESTAR,Five-Star Business Finance Ltd.,Financial Services
FLUOROCHEM,Gujarat Fluorochemicals Ltd.,Chemicals
FORCEMOT,Force Motors Ltd.,Automobile and Auto Components
FORTIS,Fortis Healthcare Ltd.,Healthcare
FSL,Firstsource Solutions Ltd.,Services
GABRIEL,Gabriel India Ltd.,Automobile and Auto Components
GAIL,GAIL (India) Ltd.,Oil Gas & Consumable Fuels
GALLANTT,Gallantt Ispat Ltd.,Capital Goods
GESHIP,Great Eastern Shipping Co. Ltd.,Services
GICRE,General Insurance Corporation of India,Financial Services
GILLETTE,Gillette India Ltd.,Fast Moving Consumer Goods
GLAND,Gland Pharma Ltd.,Healthcare
GLAXO,Glaxosmithkline Pharmaceuticals Ltd.,Healthcare
GLENMARK,Glenmark Pharmaceuticals Ltd.,Healthcare
GMDCLTD,Gujarat Mineral Development Corporation Ltd.,Metals & Mining
GMRAIRPORT,GMR Airports Ltd.,Services
GODFRYPHLP,Godfrey Phillips India Ltd.,Fast Moving Consumer Goods
GODIGIT,Go Digit General Insurance Ltd.,Financial Services
GODREJCP,Godrej Consumer Products Ltd.,Fast Moving Consumer Goods
GODREJIND,Godrej Industries Ltd.,Diversified
GODREJPROP,Godrej Properties Ltd.,Realty
GPIL,Godawari Power & Ispat Ltd.,Capital Goods
GRANULES,Granules India Ltd.,Healthcare
GRAPHITE,Graphite India Ltd.,Capital Goods
GRASIM,Grasim Industries Ltd.,Construction Materials
GRAVITA,Gravita India Ltd.,Metals & Mining
GROWW,Billionbrains Garage Ventures Ltd.,Financial Services
GRSE,Garden Reach Shipbuilders & Engineers Ltd.,Capital Goods
GVT&D,GE Vernova T&D India Ltd.,Capital Goods
HAL,Hindustan Aeronautics Ltd.,Capital Goods
HAVELLS,Havells India Ltd.,Consumer Durables
HBLENGINE,HBL Engineering Ltd.,Capital Goods
HCLTECH,HCL Technologies Ltd.,Information Technology
HDBFS,HDB Financial Services Ltd.,Financial Services
HDFCAMC,HDFC Asset Management Company Ltd.,Financial Services
HDFCBANK,HDFC Bank Ltd.,Financial Services
HDFCLIFE,HDFC Life Insurance Company Ltd.,Financial Services
HEG,H.E.G. Ltd.,Capital Goods
HEROMOTOCO,Hero MotoCorp Ltd.,Automobile and Auto Components
HEXT,Hexaware Technologies Ltd.,Information Technology
HFCL,HFCL Ltd.,Telecommunication
HINDALCO,Hindalco Industries Ltd.,Metals & Mining
HINDCOPPER,Hindustan Copper Ltd.,Metals & Mining
HINDPETRO,Hindustan Petroleum Corporation Ltd.,Oil Gas & Consumable Fuels
HINDUNILVR,Hindustan Unilever Ltd.,Fast Moving Consumer Goods
HINDZINC,Hindustan Zinc Ltd.,Metals & Mining
HOMEFIRST,Home First Finance Company India Ltd.,Financial Services
HONASA,Honasa Consumer Ltd.,Fast Moving Consumer Goods
HONAUT,Honeywell Automation India Ltd.,Capital Goods
HSCL,Himadri Speciality Chemical Ltd.,Chemicals
HUDCO,Housing & Urban Development Corporation Ltd.,Financial Services
HYUNDAI,Hyundai Motor India Ltd.,Automobile and Auto Components
ICICIAMC,ICICI Prudential Asset Management Company Ltd.,Financial Services
ICICIBANK,ICICI Bank Ltd.,Financial Services
ICICIGI,ICICI Lombard General Insurance Company Ltd.,Financial Services
ICICIPRULI,ICICI Prudential Life Insurance Company Ltd.,Financial Services
IDBI,IDBI Bank Ltd.,Financial Services
IDEA,Vodafone Idea Ltd.,Telecommunication
IDFCFIRSTB,IDFC First Bank Ltd.,Financial Services
IEX,Indian Energy Exchange Ltd.,Financial Services
IFCI,IFCI Ltd.,Financial Services
IGIL,International Gemological Institute Ltd.,Services
IGL,Indraprastha Gas Ltd.,Oil Gas & Consumable Fuels
IIFL,IIFL Finance Ltd.,Financial Services
IKS,Inventurus Knowledge Solutions Ltd.,Information Technology
INDGN,Indegene Ltd.,Healthcare
INDHOTEL,Indian Hotels Co. Ltd.,Consumer Services
INDIACEM,India Cements Ltd.,Construction Materials
INDIAMART,Indiamart Intermesh Ltd.,Consumer Services
INDIANB,Indian Bank,Financial Services
INDIGO,InterGlobe Aviation Ltd.,Services
INDUSINDBK,IndusInd Bank Ltd.,Financial Services
INDUSTOWER,Indus Towers Ltd.,Telecommunication
INFY,Infosys Ltd.,Information Technology
INOXWIND,Inox Wind Ltd.,Capital Goods
INTELLECT,Intellect Design Arena Ltd.,Information Technology
IOB,Indian Overseas Bank,Financial Services
IOC,Indian Oil Corporation Ltd.,Oil Gas & Consumable Fuels
IPCALAB,Ipca Laboratories Ltd.,Healthcare
IRB,IRB Infrastructure Developers Ltd.,Construction
IRCON,IRCON International Ltd.,Construction
IRCTC,Indian Railway Catering And Tourism Corporation Ltd.,Consumer Services
IREDA,Indian Renewable Energy Development Agency Ltd.,Financial Services
IRFC,Indian Railway Finance Corporation Ltd.,Financial Services
ITC,ITC Ltd.,Fast Moving Consumer Goods
ITCHOTELS,ITC Hotels Ltd.,Consumer Services
ITI,ITI Ltd.,Telecommunication
J&KBANK,Jammu & Kashmir Bank Ltd.,Financial Services
JAINREC,Jain Resource Recycling Ltd.,Metals & Mining
JBCHEPHARM,J.B. Chemicals & Pharmaceuticals Ltd.,Healthcare
JBMA,JBM Auto Ltd.,Automobile and Auto Components
JINDALSAW,Jindal Saw Ltd.,Capital Goods
JINDALSTEL,Jindal Steel Ltd.,Metals & Mining
JIOFIN,Jio Financial Services Ltd.,Financial Services
JKCEMENT,J.K. Cement Ltd.,Construction Materials
JKTYRE,JK Tyre & Industries Ltd.,Automobile and Auto Components
JMFINANCIL,JM Financial Ltd.,Financial Services
JPPOWER,Jaiprakash Power Ventures Ltd.,Power
JSL,Jindal Stainless Ltd.,Metals & Mining
JSWCEMENT,JSW Cement Ltd.,Construction Materials
JSWDULUX,JSW Dulux Ltd.,Consumer Durables
JSWENERGY,JSW Energy Ltd.,Power
JSWINFRA,JSW Infrastructure Ltd.,Services
JSWSTEEL,JSW Steel Ltd.,Metals & Mining
JUBLFOOD,Jubilant Foodworks Ltd.,Consumer Services
JUBLINGREA,Jubilant Ingrevia Ltd.,Chemicals
JUBLPHARMA,Jubilant Pharmova Ltd.,Healthcare
JWL,Jupiter Wagons Ltd.,Capital Goods
JYOTICNC,Jyoti CNC Automation Ltd.,Capital Goods
KAJARIACER,Kajaria Ceramics Ltd.,Consumer Durables
KALYANKJIL,Kalyan Jewellers India Ltd.,Consumer Durables
KARURVYSYA,Karur Vysya Bank Ltd.,Financial Services
KAYNES,Kaynes Technology India Ltd.,Capital Goods
KEC,Kec International Ltd.,Construction
KEI,KEI Industries Ltd.,Capital Goods
KFINTECH,Kfin Technologies Ltd.,Financial Services
KIMS,Krishna Institute of Medical Sciences Ltd.,Healthcare
KIRLOSENG,Kirloskar Oil Eng Ltd.,Capital Goods
KOTAKBANK,Kotak Mahindra Bank Ltd.,Financial Services
KPIL,Kalpataru Projects International Ltd.,Construction
KPITTECH,KPIT Technologies Ltd.,Information Technology
KPRMILL,K.P.R. Mill Ltd.,Textiles
LALPATHLAB,Dr. Lal Path Labs Ltd.,Healthcare
LATENTVIEW,Latent View Analytics Ltd.,Information Technology
LAURUSLABS,Laurus Labs Ltd.,Healthcare
LEMONTREE,Lemon Tree Hotels Ltd.,Consumer Services
LENSKART,Lenskart Solutions Ltd.,Consumer Services
LGEINDIA,LG Electronics India Ltd.,Consumer Durables
LICHSGFIN,LIC Housing Finance Ltd.,Financial Services
LICI,Life Insurance Corporation of India,Financial Services
LINDEINDIA,Linde India Ltd.,Chemicals
LLOYDSME,Lloyds Metals And Energy Ltd.,Metals & Mining
LODHA,Lodha Developers Ltd.,Realty
LT,Larsen & Toubro Ltd.,Construction
LTF,L&T Finance Ltd.,Financial Services
LTFOODS,LT Foods Ltd.,Fast Moving Consumer Goods
LTM,LTM Ltd.,Information Technology
LTTS,L&T Technology Services Ltd.,Information Technology
LUPIN,Lupin Ltd.,Healthcare
M&M,Mahindra & Mahindra Ltd.,Automobile and Auto Components
M&MFIN,Mahindra & Mahindra Financial Services Ltd.,Financial Services
MAHABANK,Bank of Maharashtra,Financial Services
MANAPPURAM,Manappuram Finance Ltd.,Financial Services
MANKIND,Mankind Pharma Ltd.,Healthcare
MAPMYINDIA,C.E. Info Systems Ltd.,Information Technology
MARICO,Marico Ltd.,Fast Moving Consumer Goods
MARUTI,Maruti Suzuki India Ltd.,Automobile and Auto Components
MAXHEALTH,Max Healthcare Institute Ltd.,Healthcare
MAZDOCK,Mazagoan Dock Shipbuilders Ltd.,Capital Goods
MCX,Multi Commodity Exchange of India Ltd.,Financial Services
MEDANTA,Global Health Ltd.,Healthcare
MEESHO,Meesho Ltd.,Consumer Services
MFSL,Max Financial Services Ltd.,Financial Services
MGL,Mahanagar Gas Ltd.,Oil Gas & Consumable Fuels
MINDACORP,Minda Corporation Ltd.,Automobile and Auto Components
MMTC,MMTC Ltd.,Services
MOTHERSON,Samvardhana Motherson International Ltd.,Automobile and Auto Components
MOTILALOFS,Motilal Oswal Financial Services Ltd.,Financial Services
MPHASIS,MphasiS Ltd.,Information Technology
MRF,MRF Ltd.,Automobile and Auto Components
MRPL,Mangalore Refinery & Petrochemicals Ltd.,Oil Gas & Consumable Fuels
MSUMI,Motherson Sumi Wiring India Ltd.,Automobile and Auto Components
MUTHOOTFIN,Muthoot Finance Ltd.,Financial Services
NAM-INDIA,Nippon Life India Asset Management Ltd.,Financial Services
NATCOPHARM,NATCO Pharma Ltd.,Healthcare
NATIONALUM,National Aluminium Co. Ltd.,Metals & Mining
NAUKRI,Info Edge (India) Ltd.,Consumer Services
NAVA,Nava Ltd.,Power
NAVINFLUOR,Navin Fluorine International Ltd.,Chemicals
NBCC,NBCC (India) Ltd.,Construction
NCC,NCC Ltd.,Construction
NESTLEIND,Nestle India Ltd.,Fast Moving Consumer Goods
NETWEB,Netweb Technologies India Ltd.,Information Technology
NEULANDLAB,Neuland Laboratories Ltd.,Healthcare
NEWGEN,Newgen Software Technologies Ltd.,Information Technology
NH,Narayana Hrudayalaya Ltd.,Healthcare
NHPC,NHPC Ltd.,Power
NIACL,The New India Assurance Company Ltd.,Financial Services
NIVABUPA,Niva Bupa Health Insurance Company Ltd.,Financial Services
NLCINDIA,NLC India Ltd.,Power
NMDC,NMDC Ltd.,Metals & Mining
NSLNISP,NMDC Steel Ltd.,Metals & Mining
NTPC,NTPC Ltd.,Power
NTPCGREEN,NTPC Green Energy Ltd.,Power
NUVAMA,Nuvama Wealth Management Ltd.,Financial Services
NUVOCO,Nuvoco Vistas Corporation Ltd.,Construction Materials
NYKAA,FSN E-Commerce Ventures Ltd.,Consumer Services
OBEROIRLTY,Oberoi Realty Ltd.,Realty
OFSS,Oracle Financial Services Software Ltd.,Information Technology
OIL,Oil India Ltd.,Oil Gas & Consumable Fuels
OLAELEC,Ola Electric Mobility Ltd.,Automobile and Auto Components
OLECTRA,Olectra Greentech Ltd.,Automobile and Auto Components
ONESOURCE,Onesource Specialty Pharma Ltd.,Healthcare
ONGC,Oil & Natural Gas Corporation Ltd.,Oil Gas & Consumable Fuels
PAGEIND,Page Industries Ltd.,Textiles
PARADEEP,Paradeep Phosphates Ltd.,Chemicals
PATANJALI,Patanjali Foods Ltd.,Fast Moving Consumer Goods
PAYTM,One 97 Communications Ltd.,Financial Services
PCBL,PCBL Chemical Ltd.,Chemicals
PERSISTENT,Persistent Systems Ltd.,Information Technology
PETRONET,Petronet LNG Ltd.,Oil Gas & Consumable Fuels
PFC,Power Finance Corporation Ltd.,Financial Services
PFIZER,Pfizer Ltd.,Healthcare
PGEL,PG Electroplast Ltd.,Consumer Durables
PHOENIXLTD,Phoenix Mills Ltd.,Realty
PIDILITIND,Pidilite Industries Ltd.,Chemicals
PIIND,PI Industries Ltd.,Chemicals
PINELABS,Pine Labs Ltd.,Financial Services
PIRAMALFIN,Piramal Finance Ltd.,Financial Services
PNB,Punjab National Bank,Financial Services
PNBHOUSING,PNB Housing Finance Ltd.,Financial Services
POLICYBZR,PB Fintech Ltd.,Financial Services
POLYCAB,Polycab India Ltd.,Capital Goods
POLYMED,Poly Medicure Ltd.,Healthcare
POONAWALLA,Poonawalla Fincorp Ltd.,Financial Services
POWERGRID,Power Grid Corporation of India Ltd.,Power
POWERINDIA,Hitachi Energy India Ltd.,Capital Goods
PPLPHARMA,Piramal Pharma Ltd.,Healthcare
PREMIERENE,Premier Energies Ltd.,Capital Goods
PRESTIGE,Prestige Estates Projects Ltd.,Realty
PTCIL,PTC Industries Ltd.,Capital Goods
PVRINOX,PVR INOX Ltd.,Media Entertainment & Publication
PWL,Physicswallah Ltd.,Consumer Services
RADICO,Radico Khaitan Ltd,Fast Moving Consumer Goods
RAILTEL,Railtel Corporation Of India Ltd.,Telecommunication
RAINBOW,Rainbow Childrens Medicare Ltd.,Healthcare
RAMCOCEM,The Ramco Cements Ltd.,Construction Materials
RBLBANK,RBL Bank Ltd.,Financial Services
RECLTD,REC Ltd.,Financial Services
REDINGTON,Redington Ltd.,Services
RELIANCE,Reliance Industries Ltd.,Oil Gas & Consumable Fuels
RHIM,RHI MAGNESITA INDIA LTD.,Capital Goods
RITES,RITES Ltd.,Construction
RKFORGE,Ramkrishna Forgings Ltd.,Automobile and Auto Components
RPOWER,Reliance Power Ltd.,Power
RRKABEL,R R Kabel Ltd.,Capital Goods
RVNL,Rail Vikas Nigam Ltd.,Construction
SAGILITY,Sagility Ltd.,Information Technology
SAIL,Steel Authority of India Ltd.,Metals & Mining
SAILIFE,Sai Life Sciences Ltd.,Healthcare
SAMMAANCAP,Sammaan Capital Ltd.,Financial Services
SAPPHIRE,Sapphire Foods India Ltd.,Consumer Services
SARDAEN,Sarda Energy and Minerals Ltd.,Metals & Mining
SAREGAMA,Saregama India Ltd,Media Entertainment & Publication
SBFC,SBFC Finance Ltd.,Financial Services
SBICARD,SBI Cards and Payment Services Ltd.,Financial Services
SBILIFE,SBI Life Insurance Company Ltd.,Financial Services
SBIN,State Bank of India,Financial Services
SCHAEFFLER,Schaeffler India Ltd.,Automobile and Auto Components
SCHNEIDER,Schneider Electric Infrastructure Ltd.,Capital Goods
SCI,Shipping Corporation of India Ltd.,Services
SHREECEM,Shree Cement Ltd.,Construction Materials
SHRIRAMFIN,Shriram Finance Ltd.,Financial Services
SHYAMMETL,Shyam Metalics and Energy Ltd.,Capital Goods
SIEMENS,Siemens Ltd.,Capital Goods
SIGNATURE,Signatureglobal (India) Ltd.,Realty
SJVN,SJVN Ltd.,Power
SOBHA,Sobha Ltd.,Realty
SOLARINDS,Solar Industries India Ltd.,Chemicals
SONACOMS,Sona BLW Precision Forgings Ltd.,Automobile and Auto Components
SONATSOFTW,Sonata Software Ltd.,Information Technology
SPLPETRO,Supreme Petrochem Ltd.,Chemicals
SRF,SRF Ltd.,Chemicals
STARHEALTH,Star Health and Allied Insurance Company Ltd.,Financial Services
SUMICHEM,Sumitomo Chemical India Ltd.,Chemicals
SUNDARMFIN,Sundaram Finance Ltd.,Financial Services
SUNPHARMA,Sun Pharmaceutical Industries Ltd.,Healthcare
SUNTV,Sun TV Network Ltd.,Media Entertainment & Publication
SUPREMEIND,Supreme Industries Ltd.,Capital Goods
SUZLON,Suzlon Energy Ltd.,Capital Goods
SWANCORP,Swan Corp Ltd.,Chemicals
SWIGGY,Swiggy Ltd.,Consumer Services
SYNGENE,Syngene International Ltd.,Healthcare
SYRMA,Syrma SGS Technology Ltd.,Capital Goods
TARIL,Transformers And Rectifiers (India) Ltd.,Capital Goods
TATACAP,Tata Capital Ltd.,Financial Services
TATACHEM,Tata Chemicals Ltd.,Chemicals
TATACOMM,Tata Communications Ltd.,Telecommunication
TATACONSUM,Tata Consumer Products Ltd.,Fast Moving Consumer Goods
TATAELXSI,Tata Elxsi Ltd.,Information Technology
TATAINVEST,Tata Investment Corporation Ltd.,Financial Services
TATAPOWER,Tata Power Co. Ltd.,Power
TATASTEEL,Tata Steel Ltd.,Metals & Mining
TATATECH,Tata Technologies Ltd.,Information Technology
TBOTEK,TBO Tek Ltd.,Consumer Services
TCS,Tata Consultancy Services Ltd.,Information Technology
TECHM,Tech Mahindra Ltd.,Information Technology
TECHNOE,Techno Electric & Engineering Company Ltd.,Construction
TEGA,Tega Industries Ltd.,Capital Goods
TEJASNET,Tejas Networks Ltd.,Telecommunication
TENNIND,Tenneco Clean Air India Ltd.,Automobile and Auto Components
THELEELA,Leela Palaces Hotels & Resorts Ltd.,Consumer Services
THERMAX,Thermax Ltd.,Capital Goods
TIINDIA,Tube Investments of India Ltd.,Automobile and Auto Components
TIMKEN,Timken India Ltd.,Capital Goods
TITAGARH,Titagarh Rail Systems Ltd.,Capital Goods
TITAN,Titan Company Ltd.,Consumer Durables
TMCV,Tata Motors Ltd.,Capital Goods
TMPV,Tata Motors Passenger Vehicles Ltd.,Automobile and Auto Components
TORNTPHARM,Torrent Pharmaceuticals Ltd.,Healthcare
TORNTPOWER,Torrent Power Ltd.,Power
TRAVELFOOD,Travel Food Services Ltd.,Consumer Services
TRENT,Trent Ltd.,Consumer Services
TRIDENT,Trident Ltd.,Textiles
TRITURBINE,Triveni Turbine Ltd.,Capital Goods
TTML,Tata Teleservices (Maharashtra) Ltd.,Telecommunication
TVSMOTOR,TVS Motor Company Ltd.,Automobile and Auto Components
UBL,United Breweries Ltd.,Fast Moving Consumer Goods
UCOBANK,UCO Bank,Financial Services
ULTRACEMCO,UltraTech Cement Ltd.,Construction Materials
UNIONBANK,Union Bank of India,Financial Services
UNITDSPR,United Spirits Ltd.,Fast Moving Consumer Goods
UNOMINDA,UNO Minda Ltd.,Automobile and Auto Components
UPL,UPL Ltd.,Chemicals
URBANCO,Urban Company Ltd.,Consumer Services
USHAMART,Usha Martin Ltd.,Capital Goods
UTIAMC,UTI Asset Management Company Ltd.,Financial Services
VBL,Varun Beverages Ltd.,Fast Moving Consumer Goods
VEDL,Vedanta Ltd.,Metals & Mining
VIJAYA,Vijaya Diagnostic Centre Ltd.,Healthcare
VMM,Vishal Mega Mart Ltd.,Consumer Services
VOLTAS,Voltas Ltd.,Consumer Durables
VTL,Vardhman Textiles Ltd.,Textiles
WAAREEENER,Waaree Energies Ltd.,Capital Goods
WELCORP,Welspun Corp Ltd.,Capital Goods
WELSPUNLIV,Welspun Living Ltd.,Textiles
WHIRLPOOL,Whirlpool of India Ltd.,Consumer Durables
WIPRO,Wipro Ltd.,Information Technology
WOCKPHARMA,Wockhardt Ltd.,Healthcare
YESBANK,Yes Bank Ltd.,Financial Services
ZEEL,Zee Entertainment Enterprises Ltd.,Media Entertainment & Publication
ZENSARTECH,Zensar Technolgies Ltd.,Information Technology
ZENTEC,Zen Technologies Ltd.,Capital Goods
ZFCVINDIA,ZF Commercial Vehicle Control Systems India Ltd.,Automobile and Auto Components
ZYDUSLIFE,Zydus Lifesciences Ltd.,Healthcare
ZYDUSWELL,Zydus Wellness Ltd.,Fast Moving Consumer Goods
